epoch,accuracy,epoch_time_s,learning_rate,loss,val_accuracy,val_loss
0,0.3874686658382416,109.0,0.0010000000474974513,2.3157434463500977,0.7122806906700134,1.1639493703842163
1,0.6867167949676514,104.1,0.0010000000474974513,1.094569444656372,0.7859649062156677,0.7492339015007019
2,0.7596490979194641,101.8,0.0010000000474974513,0.8003891706466675,0.821052610874176,0.6223472952842712
3,0.7934837341308594,104.9,0.0010000000474974513,0.6553955078125,0.8467836380004883,0.5107235908508301
4,0.8320801854133606,103.8,0.0010000000474974513,0.5524425506591797,0.8561403751373291,0.4593746066093445
5,0.8383458852767944,105.1,0.0010000000474974513,0.5067389011383057,0.8736842274665833,0.4317239820957184
6,0.8511278033256531,104.3,0.0010000000474974513,0.47167643904685974,0.8643274903297424,0.4273017644882202
7,0.8583959937095642,102.3,0.0010000000474974513,0.430561900138855,0.8888888955116272,0.3503902554512024
8,0.868170440196991,102.7,0.0010000000474974513,0.4135856330394745,0.8888888955116272,0.3606133759021759
9,0.8909774422645569,103.5,0.0003000000142492354,0.35015207529067993,0.8947368264198303,0.3522147536277771
