accuracy,loss,val_accuracy,val_loss,epoch_time_s,learning_rate,phase,epoch
0.4022556245326996,2.3095734119415283,0.7099415063858032,1.2035733461380005,118.3,0.0010000000474974513,frozen,1
0.6874686479568481,1.1276742219924927,0.794152021408081,0.7755741477012634,110.6,0.0010000000474974513,frozen,2
0.7601503729820251,0.8055799603462219,0.8222222328186035,0.635214626789093,109.4,0.0010000000474974513,frozen,3
0.7997493743896484,0.6567860245704651,0.847953200340271,0.5192477703094482,102.5,0.0010000000474974513,frozen,4
0.8215538859367371,0.5812460780143738,0.859649121761322,0.46782320737838745,101.0,0.0010000000474974513,frozen,5
0.840350866317749,0.5241612792015076,0.8783625960350037,0.42885521054267883,100.7,0.0010000000474974513,frozen,6
0.8578947186470032,0.47388309240341187,0.8807017803192139,0.4115094542503357,102.6,0.0010000000474974513,frozen,7
0.8566415905952454,0.44207262992858887,0.8853800892829895,0.38073790073394775,103.4,0.0010000000474974513,frozen,8
0.8664160370826721,0.4131152331829071,0.8888888955116272,0.3850362002849579,101.2,0.0010000000474974513,frozen,9
0.8774436116218567,0.3873947560787201,0.8888888955116272,0.3534191846847534,103.0,0.0010000000474974513,frozen,10
0.8827067613601685,0.3603084981441498,0.8994151949882507,0.347146600484848,106.2,0.0010000000474974513,frozen,11
0.8914787173271179,0.3471556305885315,0.8970760107040405,0.362745463848114,106.3,0.0010000000474974513,frozen,12
0.8967418670654297,0.3341763913631439,0.898245632648468,0.32355383038520813,105.2,0.0010000000474974513,frozen,13
0.897243082523346,0.3158018887042999,0.8888888955116272,0.3248821794986725,103.9,0.0010000000474974513,frozen,14
0.8989974856376648,0.3105306029319763,0.9005848169326782,0.33000484108924866,104.2,0.0010000000474974513,frozen,15
0.9072681665420532,0.28442731499671936,0.9087719321250916,0.3253733515739441,105.2,0.0003000000142492354,frozen,16
0.9137844443321228,0.26162245869636536,0.9157894849777222,0.30710044503211975,102.7,0.0003000000142492354,frozen,17
0.9208019971847534,0.2531830072402954,0.9029240012168884,0.3200683295726776,100.2,0.0003000000142492354,frozen,18
0.9208019971847534,0.23894618451595306,0.9087719321250916,0.30185529589653015,105.4,0.0003000000142492354,frozen,19
0.9223057627677917,0.2404286116361618,0.9029240012168884,0.309396356344223,103.5,0.0003000000142492354,frozen,20
0.927819550037384,0.2329462617635727,0.9005848169326782,0.31083381175994873,103.9,0.0003000000142492354,frozen,21
0.9308270812034607,0.2208430916070938,0.9052631855010986,0.3060878813266754,14909.6,9.000000136438757e-05,frozen,22
0.9328320622444153,0.22072537243366241,0.9040935635566711,0.2942890226840973,92.6,9.000000136438757e-05,frozen,23
0.9260651469230652,0.22813086211681366,0.913450300693512,0.2942173182964325,101.5,9.000000136438757e-05,frozen,24
0.9298245906829834,0.2225421816110611,0.9122806787490845,0.2933892011642456,99.7,9.000000136438757e-05,frozen,25
0.9335839748382568,0.21525242924690247,0.9111111164093018,0.2916720509529114,104.2,9.000000136438757e-05,frozen,26
0.9335839748382568,0.21579933166503906,0.9122806787490845,0.2918292284011841,104.6,9.000000136438757e-05,frozen,27
0.9285714030265808,0.22592714428901672,0.9111111164093018,0.2891395092010498,104.0,9.000000136438757e-05,frozen,28
0.9328320622444153,0.21187256276607513,0.913450300693512,0.28777211904525757,104.5,9.000000136438757e-05,frozen,29
0.9350877404212952,0.2147020697593689,0.9169590473175049,0.28911292552948,103.8,9.000000136438757e-05,frozen,30
0.9298245906829834,0.21729682385921478,0.9181286692619324,0.2769065499305725,116.5,9.999999747378752e-06,finetune,31
0.9328320622444153,0.21084150671958923,0.9228070378303528,0.274587482213974,115.6,9.999999747378752e-06,finetune,32
0.9308270812034607,0.20800401270389557,0.9263157844543457,0.27185824513435364,115.8,9.999999747378752e-06,finetune,33
0.9393483996391296,0.19283431768417358,0.9228070378303528,0.27917951345443726,114.8,9.999999747378752e-06,finetune,34
0.9373433589935303,0.18489564955234528,0.925146222114563,0.25925642251968384,115.7,9.999999747378752e-06,finetune,35
0.9330826997756958,0.19422116875648499,0.925146222114563,0.258998841047287,114.6,9.999999747378752e-06,finetune,36
0.9436089992523193,0.16935080289840698,0.9263157844543457,0.2697751224040985,110.9,9.999999747378752e-06,finetune,37
0.9403508901596069,0.17151154577732086,0.9274854063987732,0.2596172094345093,121.7,9.999999747378752e-06,finetune,38
0.946616530418396,0.16793997585773468,0.9298245906829834,0.25890469551086426,117.3,2.9999998787388904e-06,finetune,39
0.946616530418396,0.1656370908021927,0.925146222114563,0.2546203136444092,122.8,2.9999998787388904e-06,finetune,40
0.9441102743148804,0.1668466478586197,0.9274854063987732,0.2601444721221924,114.9,2.9999998787388904e-06,finetune,41
0.9461153149604797,0.16098132729530334,0.9263157844543457,0.2582665979862213,114.2,2.9999998787388904e-06,finetune,42
0.9385964870452881,0.16959615051746368,0.9298245906829834,0.25850677490234375,114.0,8.999999749903509e-07,finetune,43
0.9428571462631226,0.16975268721580505,0.9298245906829834,0.25904735922813416,116.1,8.999999749903509e-07,finetune,44
0.9453634023666382,0.16695193946361542,0.9298245906829834,0.2590959370136261,115.1,2.699999868127634e-07,finetune,45
