,precision,recall,f1-score,support
Apple: Apple scab,0.9565217391304348,1.0,0.9777777777777777,22.0
Apple: Black rot,1.0,0.9565217391304348,0.9777777777777777,23.0
Apple: Cedar apple rust,1.0,1.0,1.0,23.0
Apple: healthy,1.0,1.0,1.0,23.0
Blueberry: healthy,0.9166666666666666,1.0,0.9565217391304348,22.0
Cherry (including sour): Powdery mildew,1.0,1.0,1.0,23.0
Cherry (including sour): healthy,1.0,1.0,1.0,22.0
Corn (maize): Cercospora leaf spot Gray leaf spot,0.9,0.782608695652174,0.8372093023255814,23.0
Corn (maize): Common rust,1.0,0.9090909090909091,0.9523809523809523,22.0
Corn (maize): Northern Leaf Blight,0.7407407407407407,0.9090909090909091,0.8163265306122449,22.0
Corn (maize): healthy,1.0,1.0,1.0,23.0
Grape: Black rot,0.92,1.0,0.9583333333333334,23.0
Grape: Esca (Black Measles),1.0,0.9545454545454546,0.9767441860465116,22.0
Grape: Leaf blight (Isariopsis Leaf Spot),1.0,1.0,1.0,22.0
Grape: healthy,0.9583333333333334,1.0,0.9787234042553191,23.0
Orange: Haunglongbing (Citrus greening),1.0,1.0,1.0,22.0
Peach: Bacterial spot,1.0,0.9090909090909091,0.9523809523809523,22.0
Peach: healthy,0.9166666666666666,1.0,0.9565217391304348,22.0
"Pepper, bell: Bacterial spot",1.0,1.0,1.0,23.0
"Pepper, bell: healthy",0.9565217391304348,1.0,0.9777777777777777,22.0
Potato: Early blight,1.0,0.9565217391304348,0.9777777777777777,23.0
Potato: Late blight,0.875,0.9130434782608695,0.8936170212765957,23.0
Potato: healthy,0.9166666666666666,0.9565217391304348,0.9361702127659575,23.0
Raspberry: healthy,1.0,1.0,1.0,23.0
Soybean: healthy,1.0,0.9545454545454546,0.9767441860465116,22.0
Squash: Powdery mildew,1.0,1.0,1.0,22.0
Strawberry: Leaf scorch,1.0,1.0,1.0,22.0
Strawberry: healthy,1.0,1.0,1.0,22.0
Tomato: Bacterial spot,0.9411764705882353,0.6956521739130435,0.8,23.0
Tomato: Early blight,0.85,0.7391304347826086,0.7906976744186046,23.0
Tomato: Late blight,0.8235294117647058,0.6363636363636364,0.717948717948718,22.0
Tomato: Leaf Mold,0.9090909090909091,0.8695652173913043,0.8888888888888888,23.0
Tomato: Septoria leaf spot,0.6296296296296297,0.7727272727272727,0.6938775510204082,22.0
Tomato: Spider mites Two-spotted spider mite,0.8333333333333334,0.9090909090909091,0.8695652173913043,22.0
Tomato: Target Spot,0.6774193548387096,0.9130434782608695,0.7777777777777778,23.0
Tomato: Tomato Yellow Leaf Curl Virus,0.9545454545454546,0.9130434782608695,0.9333333333333333,23.0
Tomato: Tomato mosaic virus,0.9523809523809523,0.9090909090909091,0.9302325581395349,22.0
Tomato: healthy,1.0,0.8695652173913043,0.9302325581395349,23.0
accuracy,0.9321637426900585,0.9321637426900585,0.9321637426900585,0.9321637426900585
macro avg,0.9375848175922861,0.9323382567089661,0.9325089196803695,855.0
weighted avg,0.9376878826856311,0.9321637426900585,0.9324654922980814,855.0
